type,file,name,category/section
disease문서,1103_비뇨기계 외상.json,비뇨기계 외상,disease
disease문서,1141_액취증.json,액취증,disease
disease문서,1261_간의 양성종양.json,간의 양성종양,disease
disease문서,1264_간의 양성종양(간낭종).json,간의 양성종양(간낭종),disease
disease문서,1266_간의 양성종양(담관낭선종).json,간의 양성종양(담관낭선종),disease
disease문서,1301_갈색세포종.json,갈색세포종,disease
disease문서,1381_안외상(각막화상).json,안외상(각막화상),disease
disease문서,1401_안외상(천공 외상).json,안외상(천공 외상),disease
disease문서,1402_안외상(외상성 망막박리).json,안외상(외상성 망막박리),disease
disease문서,1667_설사.json,설사,disease
disease문서,1729_성대결절.json,성대결절,disease
disease문서,1741_급성고환염.json,급성고환염,disease
disease문서,1807_성조숙증.json,성조숙증,disease
disease문서,2055_급성부고환염.json,급성부고환염,disease
disease문서,2057_위식도역류질환.json,위식도역류질환,disease
disease문서,2067_남성형 탈모.json,남성형 탈모,disease
disease문서,2247_위용종.json,위용종,disease
disease문서,2347_당뇨병 합병증(급성 합병증).json,당뇨병 합병증(급성 합병증),disease
disease문서,"2348_당뇨병 합병증(급성 합병증_당뇨병케토산증, 고혈당고삼투질상태).json","당뇨병 합병증(급성 합병증_당뇨병케토산증, 고혈당고삼투질상태)",disease
disease문서,2351_당뇨병 합병증(만성 합병증).json,당뇨병 합병증(만성 합병증),disease
disease문서,2367_건막염.json,건막염,disease
disease문서,2587_비정상 자궁출혈.json,비정상 자궁출혈,disease
disease문서,2607_일과성 허혈 발작.json,일과성 허혈 발작,disease
disease문서,3348_추간판탈출증(디스크).json,추간판탈출증(디스크),disease
disease문서,3447_대장게실증.json,대장게실증,disease
disease문서,3467_대퇴골두 무혈성 괴사.json,대퇴골두 무혈성 괴사,disease
disease문서,3509_조갑감입(파고드는 발톱_감입발톱).json,조갑감입(파고드는 발톱_감입발톱),disease
disease문서,3627_척추의 형태 이상.json,척추의 형태 이상,disease
disease문서,3628_척추의 형태 이상(척추측만증).json,척추의 형태 이상(척추측만증),disease
disease문서,3629_척추의 형태 이상(척추후만증).json,척추의 형태 이상(척추후만증),disease
disease문서,3789_얼굴마비(중추성 마비).json,얼굴마비(중추성 마비),disease
disease문서,3790_얼굴마비(말초성 마비).json,얼굴마비(말초성 마비),disease
disease문서,4047_척추관 협착증.json,척추관 협착증,disease
disease문서,5220_덧눈꺼풀.json,덧눈꺼풀,disease
disease문서,5223_비문증(날파리증).json,비문증(날파리증),disease
disease문서,5224_저시력.json,저시력,disease
disease문서,5226_노안.json,노안,disease
disease문서,5237_감염심내막염.json,감염심내막염,disease
disease문서,5249_폐렴(성인).json,폐렴(성인),disease
disease문서,5257_부신부전증.json,부신부전증,disease
disease문서,5261_쯔쯔가무시증.json,쯔쯔가무시증,disease
disease문서,5264_눈꺼풀속말림과 겉말림.json,눈꺼풀속말림과 겉말림,disease
disease문서,5266_알레르기결막염.json,알레르기결막염,disease
disease문서,5279_신증후군출혈열(한타바이러스감염증).json,신증후군출혈열(한타바이러스감염증),disease
disease문서,5280_급성 세균성 장염.json,급성 세균성 장염,disease
disease문서,5281_레지오넬라증.json,레지오넬라증,disease
disease문서,5284_뇌수막염.json,뇌수막염,disease
disease문서,5286_헤르페스감염증(단순포진).json,헤르페스감염증(단순포진),disease
disease문서,5302_고혈압심장질환.json,고혈압심장질환,disease
disease문서,5311_연성하감.json,연성하감,disease
disease문서,5314_노인 삼킴장애.json,노인 삼킴장애,disease
disease문서,5334_사람 브루셀라증.json,사람 브루셀라증,disease
disease문서,5337_흉통.json,흉통,disease
disease문서,5362_코골이.json,코골이,disease
disease문서,5372_비브리오 패혈증.json,비브리오 패혈증,disease
disease문서,5413_조기난소부전.json,조기난소부전,disease
disease문서,5415_저신장.json,저신장,disease
disease문서,5420_해외유입기생충감염증.json,해외유입기생충감염증,disease
disease문서,5429_불임증.json,불임증,disease
disease문서,5430_입덧.json,입덧,disease
disease문서,5434_혈변 및 흑변(성인).json,혈변 및 흑변(성인),disease
disease문서,5441_염좌.json,염좌,disease
disease문서,5462_황달.json,황달,disease
disease문서,5463_골절.json,골절,disease
disease문서,5474_폐렴(소아).json,폐렴(소아),disease
disease문서,5479_정계정맥류.json,정계정맥류,disease
disease문서,5480_조루증.json,조루증,disease
disease문서,5486_유소아 난청.json,유소아 난청,disease
disease문서,5487_외상성 고막 천공.json,외상성 고막 천공,disease
disease문서,5488_코뼈 골절.json,코뼈 골절,disease
disease문서,5489_노인성난청.json,노인성난청,disease
disease문서,5490_거부반응과 면역억제제.json,거부반응과 면역억제제,disease
disease문서,5504_복부 수술 후 장유착.json,복부 수술 후 장유착,disease
disease문서,5540_퇴행슬관절염.json,퇴행슬관절염,disease
disease문서,5679_열상.json,열상,disease
disease문서,5680_유선염.json,유선염,disease
disease문서,5681_경부 종괴.json,경부 종괴,disease
disease문서,5692_모반(점).json,모반(점),disease
disease문서,5694_습진.json,습진,disease
disease문서,5697_난소 양성 종양.json,난소 양성 종양,disease
disease문서,5698_생리통.json,생리통,disease
disease문서,5709_시린이(치아지각과민).json,시린이(치아지각과민),disease
disease문서,5714_사랑니.json,사랑니,disease
disease문서,5718_전신질환과 치주치료.json,전신질환과 치주치료,disease
disease문서,5719_야뇨증(소아).json,야뇨증(소아),disease
disease문서,5720_창자겹침증.json,창자겹침증,disease
disease문서,5721_소아 청소년의 혈변 및 흑혈변.json,소아 청소년의 혈변 및 흑혈변,disease
disease문서,5726_인두편도염.json,인두편도염,disease
disease문서,5729_소아발진.json,소아발진,disease
disease문서,5811_유루증.json,유루증,disease
disease문서,5841_구취.json,구취,disease
disease문서,5842_보툴리눔독소증.json,보툴리눔독소증,disease
disease문서,5843_엔테로바이러스 감염증.json,엔테로바이러스 감염증,disease
disease문서,5846_눈 충혈.json,눈 충혈,disease
disease문서,5849_외상성 척추손상.json,외상성 척추손상,disease
disease문서,5850_외상성 척수손상.json,외상성 척수손상,disease
disease문서,5857_안면홍조.json,안면홍조,disease
disease문서,5864_외상성 뇌손상.json,외상성 뇌손상,disease
disease문서,5865_림프절 종대.json,림프절 종대,disease
disease문서,5960_질염.json,질염,disease
disease문서,5972_일자목(거북목)증후군.json,일자목(거북목)증후군,disease
disease문서,5975_족저근막염.json,족저근막염,disease
disease문서,6154_입냄새.json,입냄새,disease
disease문서,6190_자궁근종.json,자궁근종,disease
disease문서,6246_폴리오.json,폴리오,disease
disease문서,6248_바이러스성출혈열.json,바이러스성출혈열,disease
disease문서,6250_태변흡입증후군.json,태변흡입증후군,disease
disease문서,6270_귀의 형태 이상.json,귀의 형태 이상,disease
disease문서,6272_배뇨 관련 증상 또는 이상.json,배뇨 관련 증상 또는 이상,disease
disease문서,6279_약시(소아).json,약시(소아),disease
disease문서,6288_충치.json,충치,disease
disease문서,6292_수근굴(수근관) 증후군.json,수근굴(수근관) 증후군,disease
disease문서,6298_담낭 용종.json,담낭 용종,disease
disease문서,6302_유비저.json,유비저,disease
disease문서,6311_스포츠 손상과 안전(견관절(어깨 관절) 손상).json,스포츠 손상과 안전(견관절(어깨 관절) 손상),disease
disease문서,6313_야토병.json,야토병,disease
disease문서,6316_독극물 섭취.json,독극물 섭취,disease
disease문서,6386_자궁샘근증.json,자궁샘근증,disease
disease문서,6479_귀의 형태 이상(기타).json,귀의 형태 이상(기타),disease
disease문서,6487_손떨림(수전증).json,손떨림(수전증),disease
disease문서,6489_건막염(통풍성 건막염).json,건막염(통풍성 건막염),disease
disease문서,6490_건막염(류마치스 건막염).json,건막염(류마치스 건막염),disease
disease문서,6491_건막염(감염성 건막염).json,건막염(감염성 건막염),disease
disease문서,6492_건막염(특발성 건막염).json,건막염(특발성 건막염),disease
disease문서,6496_간의 양성종양(간선종).json,간의 양성종양(간선종),disease
disease문서,"6524_직업성 호흡기질환(직업성 폐암, 악성중피종).json","직업성 호흡기질환(직업성 폐암, 악성중피종)",disease
disease문서,6525_직업성 호흡기질환(직업성 감염성폐질환).json,직업성 호흡기질환(직업성 감염성폐질환),disease
disease문서,6526_직업성 호흡기질환(직업성 만성폐쇄성폐질환).json,직업성 호흡기질환(직업성 만성폐쇄성폐질환),disease
disease문서,6529_직업성 호흡기질환.json,직업성 호흡기질환,disease
disease문서,6531_대장용종.json,대장용종,disease
disease문서,6534_자연분만과정.json,자연분만과정,disease
disease문서,6538_피임.json,피임,disease
disease문서,6549_만성피로증후군.json,만성피로증후군,disease
disease문서,6578_늘어지는 영아증후군.json,늘어지는 영아증후군,disease
disease문서,6583_조산.json,조산,disease
disease문서,6585_독성 간 손상.json,독성 간 손상,disease
disease문서,6673_대사이상지방간질환.json,대사이상지방간질환,disease
disease문서,6675_렙토스피라증.json,렙토스피라증,disease
disease문서,6677_코로나바이러스감염증-19.json,코로나바이러스감염증-19,disease
disease문서,6678_성매개감염병.json,성매개감염병,disease
disease문서,6680_급성호흡기바이러스감염증.json,급성호흡기바이러스감염증,disease
disease문서,6681_다제내성균감염증.json,다제내성균감염증,disease
disease문서,6687_폐경기.json,폐경기,disease
disease문서,6692_당뇨병성 족부병증.json,당뇨병성 족부병증,disease
disease문서,6695_노인 보행장애.json,노인 보행장애,disease
disease문서,6697_고혈압성 콩팥병.json,고혈압성 콩팥병,disease
disease문서,6701_선천갑상샘저하증.json,선천갑상샘저하증,disease
disease문서,6710_소변이상(농뇨).json,소변이상(농뇨),disease
disease문서,6715_이상지질혈증.json,이상지질혈증,disease
disease문서,6722_근 손실.json,근 손실,disease
disease문서,6725_정상노화의 이해.json,정상노화의 이해,disease
disease문서,6726_노인기능평가.json,노인기능평가,disease
disease문서,6744_무릎 관절 손상.json,무릎 관절 손상,disease
disease문서,6745_무릎 관절 주위의 골절.json,무릎 관절 주위의 골절,disease
disease문서,6746_무릎 연골 손상.json,무릎 연골 손상,disease
disease문서,6748_반월상 연골판 손상.json,반월상 연골판 손상,disease
disease문서,6754_남성갱년기.json,남성갱년기,disease
disease문서,6756_급성 바이러스 위장관염.json,급성 바이러스 위장관염,disease
disease문서,6771_심장 판막 질환.json,심장 판막 질환,disease
disease문서,6772_사시.json,사시,disease
disease문서,6775_폐색성죽상동맥경화증.json,폐색성죽상동맥경화증,disease
disease문서,6788_우울감.json,우울감,disease
임베디드,5705_목쉼.json,성대 점막 질환,관련 질환
임베디드,5705_목쉼.json,성대 결절,관련 질환
임베디드,5705_목쉼.json,vocal nodule,관련 질환
임베디드,5705_목쉼.json,성대 폴립,관련 질환
임베디드,5705_목쉼.json,vocal polyp,관련 질환
임베디드,5705_목쉼.json,성대낭종,관련 질환
임베디드,5705_목쉼.json,vocal fold cyst,관련 질환
임베디드,5705_목쉼.json,성대위축증,관련 질환
임베디드,5705_목쉼.json,vocal atrophy,관련 질환
임베디드,5705_목쉼.json,감염후두염,관련 질환
임베디드,5705_목쉼.json,인후두역류질환,관련 질환
임베디드,5705_목쉼.json,후두의 악성종양,관련 질환
임베디드,5705_목쉼.json,후두암,관련 질환
임베디드,5705_목쉼.json,후두의 신경질환,관련 질환
임베디드,5705_목쉼.json,일측성 성대마비,관련 질환
임베디드,1081_복통.json,담도염,관련 질환
임베디드,6253_기침(성인).json,급성 기침,관련 질환
임베디드,6253_기침(성인).json,급성 세균성 부비동염,관련 질환
임베디드,6253_기침(성인).json,아급성 기침,관련 질환
임베디드,6253_기침(성인).json,3주~8주,관련 질환
임베디드,6253_기침(성인).json,감염 후 기침,관련 질환
임베디드,6253_기침(성인).json,post-infectious cough,관련 질환
임베디드,6253_기침(성인).json,아급성 세균성 부비동염,관련 질환
임베디드,6253_기침(성인).json,만성 기침,관련 질환
임베디드,6253_기침(성인).json,8주 이상,관련 질환
임베디드,6253_기침(성인).json,Cough variant asthma,관련 질환
임베디드,6253_기침(성인).json,약제에 의해 유발되는 기침,관련 질환
임베디드,6253_기침(성인).json,코로나 감염 후 기침,관련 질환
임베디드,6253_기침(성인).json,post-COVID cough,관련 질환
임베디드,6550_어지럼.json,말초 전정질환,관련 질환
임베디드,6550_어지럼.json,양성돌발성두위현훈,관련 질환
임베디드,6550_어지럼.json,이석증,관련 질환
임베디드,6550_어지럼.json,전정신경염,관련 질환
임베디드,6550_어지럼.json,급성전정신경병증,관련 질환
임베디드,6550_어지럼.json,중추 신경계질환,관련 질환
임베디드,6550_어지럼.json,뇌종양,관련 질환
임베디드,6550_어지럼.json,퇴행성 신경질환,관련 질환
임베디드,6550_어지럼.json,다계통위축증,관련 질환
임베디드,6550_어지럼.json,전정편두통,관련 질환
임베디드,6550_어지럼.json,지속적 체위-지각 어지럼,관련 질환
임베디드,6550_어지럼.json,약물유발 어지럼,관련 질환
임베디드,6550_어지럼.json,자율신경부전,관련 질환
임베디드,6550_어지럼.json,약물 유발 어지럼,관련 질환
